"Timestamp","Name","Email","Mobile Number","Name of College","Branch and Year","Team member name and details","Pay Here","Upload Receipt"
"2024/01/31 6:57:47 pm GMT+5:30","Aniket Dinkarji Zulkantiwar ","zulkantiwaraniket@gmail.com","9923358972","Wainganga college of engineering and Management nagpur ","Electrical engineering and 1st year ","","Done",""
"2024/02/01 1:10:39 pm GMT+5:30","1.Prathmesh Poratkar ","prathmeshporatkar3@gmail.com","9960332545","wainganga collage of Enggg","1 st year EE","1.Prathmesh Poratkar 2.Aniket Zulkantiwar 3.Kuldeep danao 4.Arjun Verma mobile No.9923358972
Kuldeep danaoNO.8408986474
","Done","https://drive.google.com/open?usp=forms_web&id=1HTcskI9-a5uuTO8eq59oBm3XsY5-uwGw"
"2024/02/08 5:03:58 pm GMT+5:30","Bhuneshwar godde","akshugodde@gmail.com","9755023114","Wainganga college of engineering & management","2nd civil ","Anish mothgre 
Ganesh gahukar 
Yuvraj pawar 
Bhuneshwar godde","Done","https://drive.google.com/open?usp=forms_web&id=1BPwg2kvKdGR6QxFRIH_1LTin2Mzo4gGx"