"Timestamp","Name","Email","Mobile Number","Name of College","Branch and Year","Pay Here","Upload Receipt"
"2024/02/02 11:44:45 pm GMT+5:30","Gaurav aparve ","gauravparve18@gmail.com","7559308974","Priyadarshi bhagwati college of engineering","Ec ","Done","https://drive.google.com/open?usp=forms_web&id=1zF8VYSHDKq5_vTqTJqPJH9GYVnD_yqDN"
"2024/02/02 11:56:00 pm GMT+5:30","Amir raut ","gauravparve18@gmail.com","7559308974","Priyadarshi bhagwati college of engineering ","Mechanical ","Done","https://drive.google.com/open?usp=forms_web&id=1PVuadMW4hEKeQLaidfQbQnwWlNUhAbN_"
"2024/02/03 12:04:08 am GMT+5:30","Khushi solanki ","gauravparve18@gmail.com","7559308974","Priyadarshi bhagwati college of engineering ","Ec","Done","https://drive.google.com/open?usp=forms_web&id=1PzACBpDcNv3VOk3vIm9tcggvphzS3eqa"
"2024/02/03 12:26:40 am GMT+5:30","Nikhil ashok mehar ","amitraut0802@gmail.com","9359129808","Priyadarshini baghwati college of engineering ","Electronic and communication ","Done","https://drive.google.com/open?usp=forms_web&id=1gn3hUME88AS1H7Xrh-qvJkF8CCIa8qgM"
"2024/02/08 5:36:55 pm GMT+5:30","Rohan Ingole ","rohaningole43@gmail.com","8010616929","Wainganga college of engineering and management ","1","Done","https://drive.google.com/open?usp=forms_web&id=1QEx2eYiIw6JEqZewPOE2qWpksqh3AE1-"
"2024/02/08 5:39:17 pm GMT+5:30","Rohan Ingole ","rohaningole43@gmail.com","8010616929","Wainganga college of engineering and management ","1","Done","https://drive.google.com/open?usp=forms_web&id=1PXsCeaYtTyGf3hG2bnwgkHRfp38yh6z3"
"2024/02/08 5:49:09 pm GMT+5:30","Gauri kadhe","kadhegauri@gmail.com","9309541824","Wainganga college of engineering and management ","CSE 1st","Done","https://drive.google.com/open?usp=forms_web&id=1Z6qGFYJTgWuxyf6YhPzp5jdoYk6p3Rtc"