"Timestamp","Name","Email","Mobile Number","Name of College","Branch and Year","Pay Here","Upload Receipt"
"2024/02/03 11:25:53 am GMT+5:30","Mouli Sushil Yerpude ","moulisyerpude@gmail.com","9168904855","Priyadarshini bhagwati college of engineering ","Cse 2nd year ","Done","https://drive.google.com/open?usp=forms_web&id=1hPwxOuk-n9MIB2II2SNY92fT5IKm7_XW"
"2024/02/03 1:10:50 pm GMT+5:30","Nandini Rajendra Kshirsagar ","nandinikshirsagar363@gmail.com","9022290021","Priyadarshini Bhagwati college of engineering Nagpur ","Cse- 2year","Done","https://drive.google.com/open?usp=forms_web&id=1nHwIeiz0JC3bj8t5jQCfPZPIjBywfeNI"
"2024/02/03 1:16:13 pm GMT+5:30","Samiksha kottawar","samikshakottawar@gmail.com","9579259757","Priyadarshini bhagwati college of engineering ","Information technology,2nd","Done","https://drive.google.com/open?usp=forms_web&id=1wJ96eYOBWqrE07z7vr2j_1HaO_WXPP4W"
"2024/02/03 5:56:13 pm GMT+5:30","Dipshikha Shivshankar Sarangpure ","dipshikhasarangpure@gmail.com","8010470939","Priyadarshini bhagwati college of engineering ","Cse 2nd year ","Done","https://drive.google.com/open?usp=forms_web&id=1un6Mu_O_njCI_crAnJvh0xbnsn4761GF"
"2024/02/03 9:24:26 pm GMT+5:30","Deepak Prakash Tete","deepaktete99@gmail.com","7820850226","Priyadarshini bhagwati college of engineering","CSE Second year","Done","https://drive.google.com/open?usp=forms_web&id=1FWFY5JBOKQatrraFKYmweRUI2jz53fjw"
"2024/02/03 9:33:03 pm GMT+5:30","Rishi Tomar","rishitomar7028@gmail.com","7028968998","Priyadarshini bhagwati college of engineering","CSE Second year","Done","https://drive.google.com/open?usp=forms_web&id=1Y1x6G2txWY1A96gs5bP_IISEsgH79FT-"
"2024/02/03 9:50:12 pm GMT+5:30","Nikhil Shriram Singanjude","nikhilsinganjude24@gmail.com","7276900446","Priyadarshini Bhagwati college of Engineering","CSE and 2nd Year","Done","https://drive.google.com/open?usp=forms_web&id=1-28qNdGpF3qmOuKBOhXz8RskM61axNb4"
"2024/02/04 12:40:08 pm GMT+5:30","Jitesh Anand Bhavargade ","jiteshbhavargade6@gmail.com","8459306043","Kdk college of engineering ","CSE 2nd Yr","Done","https://drive.google.com/open?usp=forms_web&id=14H3jDESmch_c4VBc5e81pdvCk63IGW-h"